Author,Title,Value,Length
Blok,Девушка розовой калитки и муравьиный царь,0.125,21631
Blok,"Ни сны, ни явь",0.08247422680412371,6580
Blok,"Сказка о той, которая не поймет её",0.043478260869565216,6546
Blok,Сограждане,0.07246376811594203,5919
Bryusov,Алтарь победы,0.17845611975344877,864973
Bryusov,Бемоль,0.07017543859649122,11798
Bryusov,В башне,0.19801980198019803,9158
Bryusov,В зеркале,0.17391304347826086,22392
Bryusov,В подземной тюрьме,0.1568627450980392,21733
Bryusov,Восстание машин,0.13636363636363635,15114
Bryusov,Гора Звезды,0.1586469747498809,134312
Bryusov,Декадент,0.15033112582781458,108306
Bryusov,Дитя и безумец,0.028037383177570093,6129
Bryusov,За себя или за другую,0.25,16788
Bryusov,Защита,0.11650485436893204,12320
Bryusov,Моцарт,0.22308892355694226,113652
Bryusov,Мраморная головка,0.16666666666666666,7268
Bryusov,Ночное путешествие,0.08333333333333333,8480
Bryusov,Обручение Даши,0.1797676008202324,112360
Bryusov,Огненный ангел,0.20626702997275204,630611
Turgenev,Первая любовь,0.12679083094555874,118428
Bryusov,Под Старым мостом,0.10666666666666667,27906
Bryusov,Последние мученики,0.15705128205128205,23131
Bryusov,Последние страницы из дневника женщины,0.20726172465960666,100402
Bryusov,Предсмертный бред Вергилия,0.10743801652892562,10666
Bryusov,"Рассказы Маши, с реки Мологи, под городом Устюжна",0.09395973154362416,9686
Bryusov,Республика Южного Креста,0.09848484848484848,45367
Bryusov,Рея Сильвия,0.125,57522
Bryusov,Семь земных соблазнов,0.14516129032258066,76222
Bryusov,Сестры,0.22838137472283815,27379
Bryusov,"Теперь, - когда я проснулся...",0.10674157303370786,18008
Bryusov,Через пятнадцать лет,0.1822429906542056,18752
Bryusov,"Элули, сын Элули",0.1232876712328767,17786
Bryusov,Юпитер поверженный,0.1828125,292589
Chekhov,Агафья,0.17717717717717718,18893
Chekhov,Альбом,0.23214285714285715,3823
Chekhov,Анна на шее,0.1598173515981735,24707
Chekhov,Анюта,0.22302158273381295,7439
Chekhov,Аптекарша,0.24434389140271492,9357
Chekhov,Ариадна,0.2124248496993988,50766
Chekhov,Архиерей,0.215633423180593,29506
Chekhov,"Ах, зубы",0.39325842696629215,3999
Chekhov,Бабы,0.19020172910662825,23964
Chekhov,Баран и барышня,0.1826086956521739,3534
Chekhov,Барыня,0.31756756756756754,34893
Chekhov,Беглец,0.21,13130
Chekhov,Беда 1886,0.32432432432432434,6909
Chekhov,Беда 1887,0.1870967741935484,11647
Chekhov,Беззащитное существо,0.3630952380952381,8579
Chekhov,Белолобый,0.16981132075471697,10006
Chekhov,Беседа пьяного с трезвым чёртом,0.14285714285714285,3549
Chekhov,Брак по расчёту,0.2827586206896552,7500
Chekhov,Брожение умов,0.456,6568
Chekhov,Бумажник,0.16666666666666666,4885
Chekhov,В аптеке,0.21238938053097345,7294
Chekhov,В вагоне,0.3423728813559322,9392
Chekhov,В овраге,0.21796165489404642,71316
Chekhov,В потёмках,0.32142857142857145,7844
Chekhov,В ссылке,0.2653846153846154,16854
Chekhov,В суде,0.1780821917808219,12519
Chekhov,Ванька,0.12195121951219512,7194
Chekhov,Ведьма,0.2863961813842482,21733
Chekhov,Верочка,0.22525597269624573,24224
Chekhov,Винт,0.21367521367521367,6579
Chekhov,Вишнёвый сад,0.19367209971236818,86929
Chekhov,Водевиль,0.27167630057803466,6799
Chekhov,Володя,0.22865013774104684,23420
Chekhov,Восклицательный знак,0.1935483870967742,8333
Chekhov,Враги,0.37967914438502676,25317
Chekhov,Встреча весны,0.1518987341772152,5870
Chekhov,Выигрышный билет,0.26356589147286824,8572
Chekhov,Глупый француз,0.3106060606060606,5822
Chekhov,Горе,0.39901477832512317,9806
Chekhov,Гость,0.24074074074074073,7203
Chekhov,Грешник из Толедо,0.23076923076923078,10660
Chekhov,Гриша,0.20224719101123595,5586
Chekhov,Гусев,0.17525773195876287,23799
Chekhov,Дама с собачкой,0.17475728155339806,30964
Chekhov,Дачники,0.375,3229
Chekhov,Дачница,0.21311475409836064,4677
Chekhov,Два скандала,0.32857142857142857,19513
Chekhov,Двадцать девятое июня,0.3164179104477612,12655
Chekhov,День за городом,0.1674641148325359,10898
Chekhov,Детвора,0.2751322751322751,9328
Chekhov,Дипломат,0.35,7268
Chekhov,Добрый знакомый,0.4406779661016949,2371
Chekhov,Дом с мезонином,0.142433234421365,34618
Chekhov,Дома,0.2145748987854251,17625
Chekhov,Дополнительные вопросы,0.0,610
Chekhov,Дорогая собака,0.3851851851851852,4263
Chekhov,Дорогие уроки,0.15833333333333333,12051
Chekhov,Дочь Альбиона,0.3924731182795699,6537
Chekhov,Драма на охоте,0.23607012671411212,340510
Chekhov,Душечка,0.28174603174603174,23473
Chekhov,Дуэль,0.22184811073699962,194316
Chekhov,Злоумышленник,0.24050632911392406,6681
Chekhov,Ионыч,0.1327683615819209,33625
Chekhov,Каштанка,0.23877068557919623,37612
Chekhov,Крыжовник,0.16923076923076924,19765
Chekhov,Лошадиная фамилия,0.2388888888888889,6198
Chekhov,Налим,0.3562231759656652,8413
Chekhov,О любви,0.08391608391608392,18241
Chekhov,Палата №6,0.2478920741989882,102804
Chekhov,Пересолил,0.25142857142857145,7167
Chekhov,Смерть чиновника,0.3020833333333333,4602
Chekhov,Толстый и тонкий,0.35714285714285715,3514
Chekhov,Тоска,0.2557077625570776,9384
Chekhov,Три сестры,0.21481194261341605,107535
Chekhov,Хамелеон,0.30985915492957744,5830
Chekhov,Хирургия,0.48,6144
Chekhov,Человек в футляре,0.2423076923076923,25113
Dostoevsky,Ёлка и свадьба,0.0967741935483871,15532
Dostoevsky,Бедные люди,0.29683770883054894,254072
Dostoevsky,Белые ночи,0.3488168273444347,101961
Dostoevsky,Бесы,0.1787347300894015,1300178
Dostoevsky,Бобок,0.2716297786720322,30227
Dostoevsky,Братья Карамазовы,0.20770724726566492,1846193
Dostoevsky,Вечный муж,0.23477373256209594,275512
Dostoevsky,Господин Прохарчин,0.23703703703703705,65535
Dostoevsky,Два самоубийства,0.16,6566
Dostoevsky,Двойник,0.18216384376080194,321812
Dostoevsky,Дневник писателя,0.13583846236907463,1315224
Dostoevsky,Домовой,0.14666666666666667,5570
Dostoevsky,Дядюшкин сон,0.37806521153327943,269204
Dostoevsky,Записки из подполья,0.22514409221902018,244923
Dostoevsky,Игрок,0.21846484165324745,282627
Dostoevsky,Идиот,0.2240581155188377,1307580
Dostoevsky,Короткая,0.22597676874340022,80155
Dostoevsky,Крокодил,0.20303383897316218,71363
Dostoevsky,Маленький герой,0.1371794871794872,76671
Dostoevsky,Мальчик у Христа на ёлке,0.2708333333333333,10908
Dostoevsky,Неточка Незванова,0.23086359175662413,342027
Dostoevsky,Петербургские сновидения в стихах и в прозе,0.16666666666666666,47952
Dostoevsky,Подросток,0.1990936780328356,1246059
Dostoevsky,Ползунков,0.49193548387096775,28735
Dostoevsky,Роман в девяти письмах,0.24603174603174602,24147
Dostoevsky,Село Степанчиково и его обитатели,0.3108375132998936,429077
Dostoevsky,Скверный анекдот,0.15571955719557196,106389
Dostoevsky,Слабое сердце,0.32255892255892255,84123
Dostoevsky,Сон смешного человека,0.20408163265306123,44609
Dostoevsky,Униженные и оскорблённые,0.21658583899127062,727403
Dostoevsky,Хозяйка,0.23006955591225253,152999
Dostoevsky,Честный вор,0.25354609929078015,30631
Dostoevsky,Чужая жена и муж под кроватью,0.41625441696113075,75682
Gogol,Вечера на хуторе близ Диканьки,0.3136083628896771,402125
Gogol,Вий,0.17849223946784923,74616
Tolstoy,Записки сумасшедшего,0.18295739348370926,21833
Gogol,Коляска,0.13307984790874525,23221
Gogol,Мёртвые души,0.1982518871672626,757969
Gogol,Невский проспект,0.2161764705882353,72172
Gogol,Нос,0.19852941176470587,49608
Gogol,Ночи на вилле,0.10738255033557047,12165
Gogol,Ночь перед Рождеством,0.3098712446351931,83226
Gogol,"Повесть о том, как поссорился Иван Иванович с Иваном Никифоровичем",0.30666666666666664,93121
Gogol,Портрет,0.14770459081836326,114356
Gogol,Ревизор,0.2358490566037736,138159
Gogol,Рим,0.12423625254582485,84485
Gogol,Старосветские помещики,0.16890080428954424,46349
Gogol,Тарас Бульба,0.2554002541296061,232125
Gogol,Шинель,0.08311688311688312,65218
Gorky,Бывшие люди,0.24044829342842589,113351
Gorky,В людях,0.2850467289719626,1191308
Gorky,В степи,0.23980815347721823,21630
Gorky,Вывод,0.1951219512195122,4176
Gorky,Город жёлтого дьявола,0.27884615384615385,22743
Gorky,Двадцать шесть и одна,0.25227963525835867,26313
Gorky,Дело с застёжками,0.20422535211267606,20278
Tolstoy,Детство,0.149375,191516
Gorky,Емельян Пиляй,0.33753148614609574,21871
Gorky,Знахарка,0.16783216783216784,19590
Gorky,Коновалов,0.24797507788161993,93136
Gorky,Ледоход,0.27370689655172414,38412
Gorky,Ма-аленькая!...,0.1574074074074074,8182
Gorky,Макар Чудра,0.37468354430379747,23187
Gorky,Мать,0.302762077423483,560406
Gorky,Мещане,0.2655357742693987,152175
Gorky,Мои университеты,0.2484334684850719,223870
Gorky,На дне,0.3787643588947532,102123
Gorky,На плотах,0.3572744014732965,23031
Gorky,Несвоевременные мысли,0.2977558839627805,254186
Gorky,Озорник,0.24444444444444444,34510
Gorky,Песня о Буревестнике,0.24,1679
Gorky,Песня о соколе,0.1532258064516129,8345
Gorky,Проходимец,0.22456813819577734,66810
Gorky,Рождение человека,0.18779342723004694,17352
Gorky,Сказки об Италии,0.24362850971922245,249473
Herzen,Скуки ради,0.16046511627906976,90016
Gorky,Старуха Изергиль,0.22827687776141384,40288
Gorky,Страсти-мордасти,0.25894736842105265,26217
Gorky,Фома Гордеев,0.2739491969472605,489007
Gorky,Челкаш,0.27860696517412936,61521
Gorky,Человек,0.611764705882353,11190
Gorky,Ярмарка в Голтве,0.2366412213740458,21001
Herzen,Доктор Крупов,0.12723214285714285,56950
Herzen,Долг прежде всего,0.06622516556291391,130607
Herzen,Елена,0.18625954198473282,64802
Herzen,Кто виноват,0.17336462305661485,423226
Herzen,Легенда,0.1066350710900474,52173
Herzen,Мимоездом,0.16363636363636364,5644
Herzen,Повреждённый,0.13020833333333334,45485
Herzen,С того берега,0.20371086200231928,352921
Herzen,Сорока-воровка,0.14383561643835616,46169
Herzen,Трагедия за стаканом грога,0.1171875,14312
Lermontov,Ашик-Кериб,0.07964601769911504,15464
Lermontov,Герой нашего времени,0.1776536312849162,281815
Lermontov,Штосс,0.21021021021021022,26063
Pushkin,Арап Петра Великого,0.08028169014084507,61810
Pushkin,Дубровский,0.08774373259052924,136337
Pushkin,Египетские ночи,0.08273381294964029,22339
Pushkin,История Пугачёва,0.04068441064638783,264917
Pushkin,История села Горюхина,0.04946996466431095,30950
Pushkin,Капитанская дочка,0.146168108776267,211888
Pushkin,Кирджали,0.09868421052631579,11413
Pushkin,Пиковая дама,0.14589235127478753,46773
Pushkin,Повести Белкина,0.09782608695652174,124375
Pushkin,Рославлев,0.15849056603773584,21420
Tolstoy,Алёша горшок,0.06578947368421052,10341
Tolstoy,Альберт,0.15405777166437415,50918
Tolstoy,Анна Каренина,0.12603150787696923,1778358
Tolstoy,Божеское и человеческое,0.14543114543114544,68161
Tolstoy,Война и мир. Том 1,0.11256876851460008,825013
Tolstoy,Война и мир. Том 2,0.0873259174914601,855571
Tolstoy,Война и мир. Том 3,0.10355550948481393,920929
Tolstoy,Война и мир. Том 4,0.07472231571861326,900279
Tolstoy,Воскресение,0.09138272376784412,911515
Tolstoy,Два гусара,0.16997943797121315,110940
Tolstoy,Декабристы,0.08842897460018814,98385
Tolstoy,Дьявол,0.09235936188077246,86800
Tolstoy,Записки маркера,0.15294117647058825,29923
Tolstoy,Из записок князя Д. Нехлюдова (Люцерн),0.11611374407582939,50013
Tolstoy,Кавказский пленник,0.09876543209876543,41000
Tolstoy,Казаки,0.1572407883461868,289853
Tolstoy,Корней Васильев,0.09343936381709742,31816
Tolstoy,Крейцерова соната,0.18013734812466983,155398
Tolstoy,Метель,0.18425196850393702,54273
Tolstoy,Набег,0.0949367088607595,47524
Tolstoy,Отец Сергий,0.10684474123539232,82925
Tolstoy,Отрочество,0.1799844840961986,147250
Tolstoy,Поликуша,0.12327773749093546,106366
Tolstoy,После бала,0.055,18834
Tolstoy,Праведный судья,0.013157894736842105,4891
Tolstoy,Работник Емельян и пустой барабан,0.044715447154471545,13423
Tolstoy,Разжалованный,0.15833333333333333,49915
Tolstoy,Рубка леса,0.13875,69084
Tolstoy,Севастополь в августе 1855 года,0.20168711656441718,120473
Tolstoy,Севастополь в декабре месяце,0.06719367588932806,30917
Tolstoy,Севастополь в мае,0.1329479768786127,85974
Tolstoy,Семейное счастье,0.15605976757055895,165129
Tolstoy,Смерть Ивана Ильича,0.14925373134328357,109000
Tolstoy,Три смерти,0.13274336283185842,23645
Tolstoy,Утро пемещика,0.14770642201834863,98924
Tolstoy,Хаджи-Мурат,0.06646294881588999,231144
Tolstoy,Хозяин и работник,0.11988847583643122,97008
Tolstoy,Холстомер,0.09495896834701055,72506
Tolstoy,Юность,0.11911231884057971,312553
Tolstoy,Ягоды,0.12550607287449392,22073
Turgenev,Ася,0.11270296084049666,86784
Turgenev,Вешние воды,0.21069073238458869,252827
Turgenev,Дворянское гнездо,0.11386623164763458,304989
Turgenev,Дым,0.1917083210820347,324062
Turgenev,Записки охотника,0.17698098762281486,658891
Turgenev,Муму,0.12607944732297063,53532
Turgenev,Отцы и дети,0.13994107744107745,370304
Turgenev,Стихотворения в прозе,0.303637713437268,103420
Turgenev,Яков Пасынков,0.14965397923875431,71996
Rudnev,Время собирать копья,0.15767634854771784,19182
Rudnev,"Жги, еретик!",0.30120481927710846,6165
Rudnev,Нити,0.09375,6540
Rudnev,Новый пес старого дома,0.10660124888492417,164632
Rudnev,Обуза,0.10045366169799093,169254
Rudnev,Павлин-птица гордая,0.099644128113879,183655
Rudnev,Пиромант поневоле,0.25287356321839083,7391
Rudnev,Церковный дьявол,0.17280453257790368,25959
Rudnev,"Элементально, Вольфгар",0.09863945578231292,33791
